<?xml version="1.0" encoding="UTF-8"?>
<BaliMessageLog>
    <Task name="Lattice_Synthesis">
        <Message>
            <ID>35901199</ID>
            <Severity>Status</Severity>
            <Dynamic>c:/users/sec29/desktop/i2s_iot/rd1101_i2s_master_controller/rd1101/source/verilog/i2s_codec.v(153): </Dynamic>
            <Dynamic>i2s_codec</Dynamic>
            <Navigation>c:/users/sec29/desktop/i2s_iot/rd1101_i2s_master_controller/rd1101/source/verilog/i2s_codec.v</Navigation>
            <Navigation>153</Navigation>
        </Message>
        <Message>
            <ID>35901199</ID>
            <Severity>Status</Severity>
            <Dynamic>c:/users/sec29/desktop/i2s_iot/rd1101_i2s_master_controller/rd1101/source/verilog/i2s_codec.v(154): </Dynamic>
            <Dynamic>i2s_codec</Dynamic>
            <Navigation>c:/users/sec29/desktop/i2s_iot/rd1101_i2s_master_controller/rd1101/source/verilog/i2s_codec.v</Navigation>
            <Navigation>154</Navigation>
        </Message>
        <Message>
            <ID>35901199</ID>
            <Severity>Status</Severity>
            <Dynamic>c:/users/sec29/desktop/i2s_iot/rd1101_i2s_master_controller/rd1101/source/verilog/i2s_codec.v(155): </Dynamic>
            <Dynamic>i2s_codec</Dynamic>
            <Navigation>c:/users/sec29/desktop/i2s_iot/rd1101_i2s_master_controller/rd1101/source/verilog/i2s_codec.v</Navigation>
            <Navigation>155</Navigation>
        </Message>
        <Message>
            <ID>35901199</ID>
            <Severity>Status</Severity>
            <Dynamic>c:/users/sec29/desktop/i2s_iot/rd1101_i2s_master_controller/rd1101/source/verilog/i2s_codec.v(156): </Dynamic>
            <Dynamic>i2s_codec</Dynamic>
            <Navigation>c:/users/sec29/desktop/i2s_iot/rd1101_i2s_master_controller/rd1101/source/verilog/i2s_codec.v</Navigation>
            <Navigation>156</Navigation>
        </Message>
        <Message>
            <ID>35901199</ID>
            <Severity>Status</Severity>
            <Dynamic>c:/users/sec29/desktop/i2s_iot/rd1101_i2s_master_controller/rd1101/source/verilog/i2s_codec.v(157): </Dynamic>
            <Dynamic>i2s_codec</Dynamic>
            <Navigation>c:/users/sec29/desktop/i2s_iot/rd1101_i2s_master_controller/rd1101/source/verilog/i2s_codec.v</Navigation>
            <Navigation>157</Navigation>
        </Message>
        <Message>
            <ID>35901199</ID>
            <Severity>Status</Severity>
            <Dynamic>c:/users/sec29/desktop/i2s_iot/rd1101_i2s_master_controller/rd1101/source/verilog/rx_i2s_wbd.v(157): </Dynamic>
            <Dynamic>rx_i2s_wbd</Dynamic>
            <Navigation>c:/users/sec29/desktop/i2s_iot/rd1101_i2s_master_controller/rd1101/source/verilog/rx_i2s_wbd.v</Navigation>
            <Navigation>157</Navigation>
        </Message>
        <Message>
            <ID>35901199</ID>
            <Severity>Status</Severity>
            <Dynamic>c:/users/sec29/desktop/i2s_iot/rd1101_i2s_master_controller/rd1101/source/verilog/rx_i2s_wbd.v(158): </Dynamic>
            <Dynamic>rx_i2s_wbd</Dynamic>
            <Navigation>c:/users/sec29/desktop/i2s_iot/rd1101_i2s_master_controller/rd1101/source/verilog/rx_i2s_wbd.v</Navigation>
            <Navigation>158</Navigation>
        </Message>
        <Message>
            <ID>35901199</ID>
            <Severity>Status</Severity>
            <Dynamic>c:/users/sec29/desktop/i2s_iot/rd1101_i2s_master_controller/rd1101/source/verilog/tx_i2s_wbd.v(156): </Dynamic>
            <Dynamic>tx_i2s_wbd</Dynamic>
            <Navigation>c:/users/sec29/desktop/i2s_iot/rd1101_i2s_master_controller/rd1101/source/verilog/tx_i2s_wbd.v</Navigation>
            <Navigation>156</Navigation>
        </Message>
        <Message>
            <ID>35901199</ID>
            <Severity>Status</Severity>
            <Dynamic>c:/users/sec29/desktop/i2s_iot/rd1101_i2s_master_controller/rd1101/source/verilog/tx_i2s_wbd.v(157): </Dynamic>
            <Dynamic>tx_i2s_wbd</Dynamic>
            <Navigation>c:/users/sec29/desktop/i2s_iot/rd1101_i2s_master_controller/rd1101/source/verilog/tx_i2s_wbd.v</Navigation>
            <Navigation>157</Navigation>
        </Message>
        <Message>
            <ID>35901018</ID>
            <Severity>Info</Severity>
            <Dynamic>c:/users/sec29/desktop/i2s_iot/rd1101_i2s_master_controller/rd1101/source/verilog/i2s_topm.v(115): </Dynamic>
            <Dynamic>i2s_topm</Dynamic>
            <Navigation>c:/users/sec29/desktop/i2s_iot/rd1101_i2s_master_controller/rd1101/source/verilog/i2s_topm.v</Navigation>
            <Navigation>115</Navigation>
        </Message>
        <Message>
            <ID>35901018</ID>
            <Severity>Info</Severity>
            <Dynamic>c:/users/sec29/desktop/i2s_iot/rd1101_i2s_master_controller/rd1101/source/verilog/rx_i2s_wbd.v(113): </Dynamic>
            <Dynamic>rx_i2s_wbd</Dynamic>
            <Navigation>c:/users/sec29/desktop/i2s_iot/rd1101_i2s_master_controller/rd1101/source/verilog/rx_i2s_wbd.v</Navigation>
            <Navigation>113</Navigation>
        </Message>
        <Message>
            <ID>35901209</ID>
            <Severity>Status</Severity>
            <Dynamic>c:/users/sec29/desktop/i2s_iot/rd1101_i2s_master_controller/rd1101/source/verilog/rx_i2s_wbd.v(244): </Dynamic>
            <Dynamic>9</Dynamic>
            <Dynamic>8</Dynamic>
            <Navigation>c:/users/sec29/desktop/i2s_iot/rd1101_i2s_master_controller/rd1101/source/verilog/rx_i2s_wbd.v</Navigation>
            <Navigation>244</Navigation>
        </Message>
        <Message>
            <ID>35901018</ID>
            <Severity>Info</Severity>
            <Dynamic>c:/users/sec29/desktop/i2s_iot/rd1101_i2s_master_controller/rd1101/source/verilog/gen_control_reg.v(113): </Dynamic>
            <Dynamic>gen_control_reg</Dynamic>
            <Navigation>c:/users/sec29/desktop/i2s_iot/rd1101_i2s_master_controller/rd1101/source/verilog/gen_control_reg.v</Navigation>
            <Navigation>113</Navigation>
        </Message>
        <Message>
            <ID>35901209</ID>
            <Severity>Status</Severity>
            <Dynamic>c:/users/sec29/desktop/i2s_iot/rd1101_i2s_master_controller/rd1101/source/verilog/gen_control_reg.v(135): </Dynamic>
            <Dynamic>32</Dynamic>
            <Dynamic>16</Dynamic>
            <Navigation>c:/users/sec29/desktop/i2s_iot/rd1101_i2s_master_controller/rd1101/source/verilog/gen_control_reg.v</Navigation>
            <Navigation>135</Navigation>
        </Message>
        <Message>
            <ID>35901018</ID>
            <Severity>Info</Severity>
            <Dynamic>c:/users/sec29/desktop/i2s_iot/rd1101_i2s_master_controller/rd1101/source/verilog/gen_event_reg.v(114): </Dynamic>
            <Dynamic>gen_event_reg</Dynamic>
            <Navigation>c:/users/sec29/desktop/i2s_iot/rd1101_i2s_master_controller/rd1101/source/verilog/gen_event_reg.v</Navigation>
            <Navigation>114</Navigation>
        </Message>
        <Message>
            <ID>35901209</ID>
            <Severity>Status</Severity>
            <Dynamic>c:/users/sec29/desktop/i2s_iot/rd1101_i2s_master_controller/rd1101/source/verilog/gen_event_reg.v(148): </Dynamic>
            <Dynamic>32</Dynamic>
            <Dynamic>16</Dynamic>
            <Navigation>c:/users/sec29/desktop/i2s_iot/rd1101_i2s_master_controller/rd1101/source/verilog/gen_event_reg.v</Navigation>
            <Navigation>148</Navigation>
        </Message>
        <Message>
            <ID>35901018</ID>
            <Severity>Info</Severity>
            <Dynamic>c:/users/sec29/desktop/i2s_iot/rd1101_i2s_master_controller/rd1101/source/verilog/dpram_rtl.v(114): </Dynamic>
            <Dynamic>dpram</Dynamic>
            <Navigation>c:/users/sec29/desktop/i2s_iot/rd1101_i2s_master_controller/rd1101/source/verilog/dpram_rtl.v</Navigation>
            <Navigation>114</Navigation>
        </Message>
        <Message>
            <ID>35901018</ID>
            <Severity>Info</Severity>
            <Dynamic>c:/users/sec29/desktop/i2s_iot/rd1101_i2s_master_controller/rd1101/source/verilog/i2s_codec.v(115): </Dynamic>
            <Dynamic>i2s_codec(IS_RECEIVER=1)</Dynamic>
            <Navigation>c:/users/sec29/desktop/i2s_iot/rd1101_i2s_master_controller/rd1101/source/verilog/i2s_codec.v</Navigation>
            <Navigation>115</Navigation>
        </Message>
        <Message>
            <ID>35901220</ID>
            <Severity>Status</Severity>
            <Dynamic>c:/users/sec29/desktop/i2s_iot/rd1101_i2s_master_controller/rd1101/source/verilog/i2s_codec.v(159): </Dynamic>
            <Dynamic>temp_data</Dynamic>
            <Navigation>c:/users/sec29/desktop/i2s_iot/rd1101_i2s_master_controller/rd1101/source/verilog/i2s_codec.v</Navigation>
            <Navigation>159</Navigation>
        </Message>
        <Message>
            <ID>35901209</ID>
            <Severity>Status</Severity>
            <Dynamic>c:/users/sec29/desktop/i2s_iot/rd1101_i2s_master_controller/rd1101/source/verilog/i2s_codec.v(211): </Dynamic>
            <Dynamic>6</Dynamic>
            <Dynamic>5</Dynamic>
            <Navigation>c:/users/sec29/desktop/i2s_iot/rd1101_i2s_master_controller/rd1101/source/verilog/i2s_codec.v</Navigation>
            <Navigation>211</Navigation>
        </Message>
        <Message>
            <ID>35901209</ID>
            <Severity>Status</Severity>
            <Dynamic>c:/users/sec29/desktop/i2s_iot/rd1101_i2s_master_controller/rd1101/source/verilog/i2s_codec.v(252): </Dynamic>
            <Dynamic>32</Dynamic>
            <Dynamic>6</Dynamic>
            <Navigation>c:/users/sec29/desktop/i2s_iot/rd1101_i2s_master_controller/rd1101/source/verilog/i2s_codec.v</Navigation>
            <Navigation>252</Navigation>
        </Message>
        <Message>
            <ID>35901209</ID>
            <Severity>Status</Severity>
            <Dynamic>c:/users/sec29/desktop/i2s_iot/rd1101_i2s_master_controller/rd1101/source/verilog/i2s_codec.v(289): </Dynamic>
            <Dynamic>7</Dynamic>
            <Dynamic>6</Dynamic>
            <Navigation>c:/users/sec29/desktop/i2s_iot/rd1101_i2s_master_controller/rd1101/source/verilog/i2s_codec.v</Navigation>
            <Navigation>289</Navigation>
        </Message>
        <Message>
            <ID>35901209</ID>
            <Severity>Status</Severity>
            <Dynamic>c:/users/sec29/desktop/i2s_iot/rd1101_i2s_master_controller/rd1101/source/verilog/i2s_codec.v(302): </Dynamic>
            <Dynamic>7</Dynamic>
            <Dynamic>6</Dynamic>
            <Navigation>c:/users/sec29/desktop/i2s_iot/rd1101_i2s_master_controller/rd1101/source/verilog/i2s_codec.v</Navigation>
            <Navigation>302</Navigation>
        </Message>
        <Message>
            <ID>35901209</ID>
            <Severity>Status</Severity>
            <Dynamic>c:/users/sec29/desktop/i2s_iot/rd1101_i2s_master_controller/rd1101/source/verilog/i2s_codec.v(305): </Dynamic>
            <Dynamic>7</Dynamic>
            <Dynamic>6</Dynamic>
            <Navigation>c:/users/sec29/desktop/i2s_iot/rd1101_i2s_master_controller/rd1101/source/verilog/i2s_codec.v</Navigation>
            <Navigation>305</Navigation>
        </Message>
        <Message>
            <ID>35001757</ID>
            <Severity>Warning</Severity>
            <Dynamic>tx_int_o</Dynamic>
        </Message>
        <Message>
            <ID>35001757</ID>
            <Severity>Warning</Severity>
            <Dynamic>i2s_sd_o</Dynamic>
        </Message>
        <Message>
            <ID>35935013</ID>
            <Severity>Warning</Severity>
            <Dynamic>c:/users/sec29/desktop/i2s_iot/rd1101_i2s_master_controller/rd1101/source/verilog/i2s_codec.v(359): </Dynamic>
            <Dynamic>\RECEIVER_DEC/i2s_sd_o_235</Dynamic>
            <Navigation>c:/users/sec29/desktop/i2s_iot/rd1101_i2s_master_controller/rd1101/source/verilog/i2s_codec.v</Navigation>
            <Navigation>359</Navigation>
        </Message>
        <Message>
            <ID>35001752</ID>
            <Severity>Warning</Severity>
            <Dynamic>\RECEIVER_DEC/bits_to_trx__i5</Dynamic>
        </Message>
        <Message>
            <ID>35001699</ID>
            <Severity>Info</Severity>
            <Dynamic>\CONF/ctrl_internal_rep_1__i0</Dynamic>
            <Dynamic>IFS1P3DX</Dynamic>
        </Message>
        <Message>
            <ID>35001699</ID>
            <Severity>Info</Severity>
            <Dynamic>\CONF/ctrl_internal_rep_1__i15</Dynamic>
            <Dynamic>IFS1P3DX</Dynamic>
        </Message>
        <Message>
            <ID>35001699</ID>
            <Severity>Info</Severity>
            <Dynamic>\CONF/ctrl_internal_rep_1__i14</Dynamic>
            <Dynamic>IFS1P3DX</Dynamic>
        </Message>
        <Message>
            <ID>35001699</ID>
            <Severity>Info</Severity>
            <Dynamic>\CONF/ctrl_internal_rep_1__i13</Dynamic>
            <Dynamic>IFS1P3DX</Dynamic>
        </Message>
        <Message>
            <ID>35001699</ID>
            <Severity>Info</Severity>
            <Dynamic>\CONF/ctrl_internal_rep_1__i12</Dynamic>
            <Dynamic>IFS1P3DX</Dynamic>
        </Message>
        <Message>
            <ID>35001699</ID>
            <Severity>Info</Severity>
            <Dynamic>\CONF/ctrl_internal_rep_1__i11</Dynamic>
            <Dynamic>IFS1P3DX</Dynamic>
        </Message>
        <Message>
            <ID>35001699</ID>
            <Severity>Info</Severity>
            <Dynamic>\CONF/ctrl_internal_rep_1__i10</Dynamic>
            <Dynamic>IFS1P3DX</Dynamic>
        </Message>
        <Message>
            <ID>35001699</ID>
            <Severity>Info</Severity>
            <Dynamic>\CONF/ctrl_internal_rep_1__i9</Dynamic>
            <Dynamic>IFS1P3DX</Dynamic>
        </Message>
        <Message>
            <ID>35001699</ID>
            <Severity>Info</Severity>
            <Dynamic>\CONF/ctrl_internal_rep_1__i8</Dynamic>
            <Dynamic>IFS1P3DX</Dynamic>
        </Message>
        <Message>
            <ID>35001699</ID>
            <Severity>Info</Severity>
            <Dynamic>\CONF/ctrl_internal_rep_1__i7</Dynamic>
            <Dynamic>IFS1P3DX</Dynamic>
        </Message>
        <Message>
            <ID>35001699</ID>
            <Severity>Info</Severity>
            <Dynamic>\CONF/ctrl_internal_rep_1__i6</Dynamic>
            <Dynamic>IFS1P3DX</Dynamic>
        </Message>
        <Message>
            <ID>35001699</ID>
            <Severity>Info</Severity>
            <Dynamic>\CONF/ctrl_internal_rep_1__i5</Dynamic>
            <Dynamic>IFS1P3DX</Dynamic>
        </Message>
        <Message>
            <ID>35001699</ID>
            <Severity>Info</Severity>
            <Dynamic>\CONF/ctrl_internal_rep_1__i4</Dynamic>
            <Dynamic>IFS1P3DX</Dynamic>
        </Message>
        <Message>
            <ID>35001699</ID>
            <Severity>Info</Severity>
            <Dynamic>\CONF/ctrl_internal_rep_1__i3</Dynamic>
            <Dynamic>IFS1P3DX</Dynamic>
        </Message>
        <Message>
            <ID>35001699</ID>
            <Severity>Info</Severity>
            <Dynamic>\CONF/ctrl_internal_rep_1__i2</Dynamic>
            <Dynamic>IFS1P3DX</Dynamic>
        </Message>
        <Message>
            <ID>35001699</ID>
            <Severity>Info</Severity>
            <Dynamic>\CONF/ctrl_internal_rep_1__i1</Dynamic>
            <Dynamic>IFS1P3DX</Dynamic>
        </Message>
        <Message>
            <ID>35001611</ID>
            <Severity>Warning</Severity>
        </Message>
    </Task>
    <Task name="PAR">
        <Message>
            <ID>61061045</ID>
            <Severity>Warning</Severity>
        </Message>
    </Task>
</BaliMessageLog>