<?xml version="1.0" encoding="UTF-8"?>
<BaliMessageLog>
    <Task name="Lattice_Synthesis">
        <Message>
            <ID>35901018</ID>
            <Severity>Info</Severity>
            <Dynamic>c:/users/sec29/desktop/i2s_iot/top.v(1): </Dynamic>
            <Dynamic>top</Dynamic>
            <Navigation>c:/users/sec29/desktop/i2s_iot/top.v</Navigation>
            <Navigation>1</Navigation>
        </Message>
        <Message>
            <ID>35901018</ID>
            <Severity>Info</Severity>
            <Dynamic>c:/users/sec29/desktop/i2s_iot/rd1171/source/verilog/i2s_controller.v(1): </Dynamic>
            <Dynamic>I2S_Controller</Dynamic>
            <Navigation>c:/users/sec29/desktop/i2s_iot/rd1171/source/verilog/i2s_controller.v</Navigation>
            <Navigation>1</Navigation>
        </Message>
        <Message>
            <ID>35901018</ID>
            <Severity>Info</Severity>
            <Dynamic>C:/lscc/diamond/3.4/ispfpga/userware/NT/SYNTHESIS_HEADERS/machxo3l.v(1759): </Dynamic>
            <Dynamic>OSCH(NOM_FREQ=&quot;16.63&quot;)</Dynamic>
            <Navigation>C:/lscc/diamond/3.4/ispfpga/userware/NT/SYNTHESIS_HEADERS/machxo3l.v</Navigation>
            <Navigation>1759</Navigation>
        </Message>
        <Message>
            <ID>35901018</ID>
            <Severity>Info</Severity>
            <Dynamic>c:/users/sec29/desktop/i2s_iot/pll1.v(8): </Dynamic>
            <Dynamic>pll1</Dynamic>
            <Navigation>c:/users/sec29/desktop/i2s_iot/pll1.v</Navigation>
            <Navigation>8</Navigation>
        </Message>
        <Message>
            <ID>35901018</ID>
            <Severity>Info</Severity>
            <Dynamic>C:/lscc/diamond/3.4/ispfpga/userware/NT/SYNTHESIS_HEADERS/machxo3l.v(1124): </Dynamic>
            <Dynamic>VLO</Dynamic>
            <Navigation>C:/lscc/diamond/3.4/ispfpga/userware/NT/SYNTHESIS_HEADERS/machxo3l.v</Navigation>
            <Navigation>1124</Navigation>
        </Message>
        <Message>
            <ID>35901018</ID>
            <Severity>Info</Severity>
            <Dynamic>C:/lscc/diamond/3.4/ispfpga/userware/NT/SYNTHESIS_HEADERS/machxo3l.v(1696): </Dynamic>
            <Dynamic>EHXPLLJ(CLKOP_DIV=25,CLKOS_DIV=64,CLKOS3_DIV=1,CLKOS3_ENABLE=&quot;DISABLED&quot;,CLKOP_CPHASE=24,CLKOS_CPHASE=63,CLKOS2_CPHASE=7,PREDIVIDER_MUXB1=1,PLLRST_ENA=&quot;ENABLED&quot;)</Dynamic>
            <Navigation>C:/lscc/diamond/3.4/ispfpga/userware/NT/SYNTHESIS_HEADERS/machxo3l.v</Navigation>
            <Navigation>1696</Navigation>
        </Message>
        <Message>
            <ID>35901209</ID>
            <Severity>Status</Severity>
            <Dynamic>c:/users/sec29/desktop/i2s_iot/rd1171/source/verilog/i2s_controller.v(58): </Dynamic>
            <Dynamic>6</Dynamic>
            <Dynamic>5</Dynamic>
            <Navigation>c:/users/sec29/desktop/i2s_iot/rd1171/source/verilog/i2s_controller.v</Navigation>
            <Navigation>58</Navigation>
        </Message>
        <Message>
            <ID>35901018</ID>
            <Severity>Info</Severity>
            <Dynamic>c:/users/sec29/desktop/i2s_iot/rd1171/source/verilog/i2s_rx.v(9): </Dynamic>
            <Dynamic>i2s_rx</Dynamic>
            <Navigation>c:/users/sec29/desktop/i2s_iot/rd1171/source/verilog/i2s_rx.v</Navigation>
            <Navigation>9</Navigation>
        </Message>
        <Message>
            <ID>35901209</ID>
            <Severity>Status</Severity>
            <Dynamic>c:/users/sec29/desktop/i2s_iot/rd1171/source/verilog/i2s_rx.v(135): </Dynamic>
            <Dynamic>17</Dynamic>
            <Dynamic>16</Dynamic>
            <Navigation>c:/users/sec29/desktop/i2s_iot/rd1171/source/verilog/i2s_rx.v</Navigation>
            <Navigation>135</Navigation>
        </Message>
        <Message>
            <ID>35901209</ID>
            <Severity>Status</Severity>
            <Dynamic>c:/users/sec29/desktop/i2s_iot/rd1171/source/verilog/i2s_rx.v(149): </Dynamic>
            <Dynamic>17</Dynamic>
            <Dynamic>16</Dynamic>
            <Navigation>c:/users/sec29/desktop/i2s_iot/rd1171/source/verilog/i2s_rx.v</Navigation>
            <Navigation>149</Navigation>
        </Message>
        <Message>
            <ID>35901018</ID>
            <Severity>Info</Severity>
            <Dynamic>c:/users/sec29/desktop/i2s_iot/fifo_left.v(8): </Dynamic>
            <Dynamic>fifo_left</Dynamic>
            <Navigation>c:/users/sec29/desktop/i2s_iot/fifo_left.v</Navigation>
            <Navigation>8</Navigation>
        </Message>
        <Message>
            <ID>35901018</ID>
            <Severity>Info</Severity>
            <Dynamic>C:/lscc/diamond/3.4/ispfpga/userware/NT/SYNTHESIS_HEADERS/machxo3l.v(1120): </Dynamic>
            <Dynamic>VHI</Dynamic>
            <Navigation>C:/lscc/diamond/3.4/ispfpga/userware/NT/SYNTHESIS_HEADERS/machxo3l.v</Navigation>
            <Navigation>1120</Navigation>
        </Message>
        <Message>
            <ID>35901018</ID>
            <Severity>Info</Severity>
            <Dynamic>C:/lscc/diamond/3.4/ispfpga/userware/NT/SYNTHESIS_HEADERS/machxo3l.v(1482): </Dynamic>
            <Dynamic>FIFO8KB_renamed_due_excessive_length_1</Dynamic>
            <Navigation>C:/lscc/diamond/3.4/ispfpga/userware/NT/SYNTHESIS_HEADERS/machxo3l.v</Navigation>
            <Navigation>1482</Navigation>
        </Message>
        <Message>
            <ID>35901330</ID>
            <Severity>Warning</Severity>
            <Dynamic>c:/users/sec29/desktop/i2s_iot/top.v(47): </Dynamic>
            <Dynamic>32</Dynamic>
            <Dynamic>16</Dynamic>
            <Dynamic>Data</Dynamic>
            <Navigation>c:/users/sec29/desktop/i2s_iot/top.v</Navigation>
            <Navigation>47</Navigation>
        </Message>
        <Message>
            <ID>35901330</ID>
            <Severity>Warning</Severity>
            <Dynamic>c:/users/sec29/desktop/i2s_iot/top.v(47): </Dynamic>
            <Dynamic>32</Dynamic>
            <Dynamic>1</Dynamic>
            <Dynamic>RdEn</Dynamic>
            <Navigation>c:/users/sec29/desktop/i2s_iot/top.v</Navigation>
            <Navigation>47</Navigation>
        </Message>
        <Message>
            <ID>35901018</ID>
            <Severity>Info</Severity>
            <Dynamic>c:/users/sec29/desktop/i2s_iot/fifo_right.v(8): </Dynamic>
            <Dynamic>fifo_right</Dynamic>
            <Navigation>c:/users/sec29/desktop/i2s_iot/fifo_right.v</Navigation>
            <Navigation>8</Navigation>
        </Message>
        <Message>
            <ID>35901330</ID>
            <Severity>Warning</Severity>
            <Dynamic>c:/users/sec29/desktop/i2s_iot/top.v(50): </Dynamic>
            <Dynamic>32</Dynamic>
            <Dynamic>16</Dynamic>
            <Dynamic>Data</Dynamic>
            <Navigation>c:/users/sec29/desktop/i2s_iot/top.v</Navigation>
            <Navigation>50</Navigation>
        </Message>
        <Message>
            <ID>35901330</ID>
            <Severity>Warning</Severity>
            <Dynamic>c:/users/sec29/desktop/i2s_iot/top.v(50): </Dynamic>
            <Dynamic>32</Dynamic>
            <Dynamic>1</Dynamic>
            <Dynamic>RdEn</Dynamic>
            <Navigation>c:/users/sec29/desktop/i2s_iot/top.v</Navigation>
            <Navigation>50</Navigation>
        </Message>
        <Message>
            <ID>35901018</ID>
            <Severity>Info</Severity>
            <Dynamic>c:/users/sec29/desktop/i2s_iot/zcr.v(1): </Dynamic>
            <Dynamic>zcr</Dynamic>
            <Navigation>c:/users/sec29/desktop/i2s_iot/zcr.v</Navigation>
            <Navigation>1</Navigation>
        </Message>
        <Message>
            <ID>35901209</ID>
            <Severity>Status</Severity>
            <Dynamic>c:/users/sec29/desktop/i2s_iot/zcr.v(33): </Dynamic>
            <Dynamic>8</Dynamic>
            <Dynamic>7</Dynamic>
            <Navigation>c:/users/sec29/desktop/i2s_iot/zcr.v</Navigation>
            <Navigation>33</Navigation>
        </Message>
        <Message>
            <ID>35901209</ID>
            <Severity>Status</Severity>
            <Dynamic>c:/users/sec29/desktop/i2s_iot/zcr.v(64): </Dynamic>
            <Dynamic>7</Dynamic>
            <Dynamic>6</Dynamic>
            <Navigation>c:/users/sec29/desktop/i2s_iot/zcr.v</Navigation>
            <Navigation>64</Navigation>
        </Message>
        <Message>
            <ID>35931013</ID>
            <Severity>Warning</Severity>
            <Dynamic>c:/users/sec29/desktop/i2s_iot/top.v(49): </Dynamic>
            <Dynamic>RPReset</Dynamic>
            <Navigation>c:/users/sec29/desktop/i2s_iot/top.v</Navigation>
            <Navigation>49</Navigation>
        </Message>
        <Message>
            <ID>35931013</ID>
            <Severity>Warning</Severity>
            <Dynamic>c:/users/sec29/desktop/i2s_iot/top.v(52): </Dynamic>
            <Dynamic>RPReset</Dynamic>
            <Navigation>c:/users/sec29/desktop/i2s_iot/top.v</Navigation>
            <Navigation>52</Navigation>
        </Message>
        <Message>
            <ID>35931002</ID>
            <Severity>Status</Severity>
            <Dynamic>c:/users/sec29/desktop/i2s_iot/fifo_left.v(16): </Dynamic>
            <Dynamic>\left1/RPReset</Dynamic>
            <Navigation>c:/users/sec29/desktop/i2s_iot/fifo_left.v</Navigation>
            <Navigation>16</Navigation>
        </Message>
        <Message>
            <ID>35931002</ID>
            <Severity>Status</Severity>
            <Dynamic>c:/users/sec29/desktop/i2s_iot/fifo_right.v(16): </Dynamic>
            <Dynamic>\right1/RPReset</Dynamic>
            <Navigation>c:/users/sec29/desktop/i2s_iot/fifo_right.v</Navigation>
            <Navigation>16</Navigation>
        </Message>
        <Message>
            <ID>35001699</ID>
            <Severity>Info</Severity>
            <Dynamic>\port1/i2s_rx_inst/sd_i_42</Dynamic>
            <Dynamic>IFS1P3DX</Dynamic>
        </Message>
        <Message>
            <ID>35001611</ID>
            <Severity>Warning</Severity>
        </Message>
        <Message>
            <ID>1166052</ID>
            <Severity>Warning</Severity>
            <Dynamic>logical</Dynamic>
            <Dynamic>port1/n84</Dynamic>
            <Navigation>port1/n84</Navigation>
        </Message>
        <Message>
            <ID>1163101</ID>
            <Severity>Warning</Severity>
            <Dynamic>1</Dynamic>
        </Message>
    </Task>
    <Task name="PAR">
        <Message>
            <ID>70061014</ID>
            <Severity>Warning</Severity>
            <Dynamic>port1/my_pll/PLLInst_0</Dynamic>
        </Message>
        <Message>
            <ID>61061045</ID>
            <Severity>Warning</Severity>
        </Message>
        <Message>
            <ID>66011008</ID>
            <Severity>Warning</Severity>
            <Dynamic>
   Signal=port1/osc_clk loads=1 clock_loads=1</Dynamic>
        </Message>
        <Message>
            <ID>66011008</ID>
            <Severity>Warning</Severity>
            <Dynamic>
   Signal=port1/osc_clk loads=1 clock_loads=1</Dynamic>
        </Message>
    </Task>
</BaliMessageLog>