<?xml version="1.0" encoding="UTF-8"?>
<userSetting name="C:/Users/SEC29/Desktop/i2s_iot/promote.xml" version="Diamond (64-bit) 3.9.0.99.2" date="Wed Apr 12 22:54:03 2017" vendor="Lattice Semiconductor Corporation" >
  <msg mid="35901294" type="Warning" />
  <msg mid="35921504" type="Info" />
  <msg mid="35901116" type="Warning" />
  <msg mid="35931002" type="Warning" />
  <msg mid="35909000" type="Info" />
  <msg mid="35901466" type="Warning" />
  <msg mid="35931038" type="Warning" />
  <msg mid="35901209" type="Warning" />
  <msg mid="35901221" type="Warning" />
  <msg mid="35901310" type="Info" />
</userSetting>
